candidate_id,rank,score,reasoning
CAND_0071974,1,0.7419,"Senior AI Engineer | JD=0.85 Career=0.58 Coh=0.79 Trust=0.85 | current role: embedding,Pinecone,recommendation; assessments LoRA=87, PEFT=86; GH 83; 7.8yrs total/7.7yrs ML India (OTW/45d notice)"
CAND_0055992,2,0.7022,"AI Engineer | JD=0.78 Career=0.44 Coh=0.83 Trust=0.81 | current role: RAG,embedding,Pinecone; assessments RAG=87, MLflow=71; GH 65; 16.9yrs total/6.7yrs ML (OTW/60d notice/reloc)"
CAND_0018499,3,0.6915,"Senior Machine Learning Engineer | JD=0.37 Career=0.70 Coh=0.84 Trust=0.89 | current role: RAG,embedding,FAISS; assessments Weaviate=72; GH 95; 7.2yrs total/7.2yrs ML Noida (OTW/≤30d notice/reloc)"
CAND_0081846,4,0.6902,"Lead AI Engineer | JD=0.73 Career=0.52 Coh=0.80 Trust=0.71 | current role: RAG,embedding,FAISS; assessments LlamaIndex=68; GH 34; 6.7yrs total/6.6yrs ML India (OTW/≤30d notice/reloc)"
CAND_0039754,5,0.6821,"Senior Applied Scientist | JD=0.43 Career=0.70 Coh=0.75 Trust=0.85 | current role: embedding,Pinecone,recommendation; assessments Fine-tuning LLMs=96, LlamaIndex=65; GH 78; 16.2yrs total/8.2yrs ML India (OTW/≤30d notice/reloc)"
CAND_0079387,6,0.6802,"AI Engineer | JD=0.75 Career=0.47 Coh=0.78 Trust=0.79 | current role: embedding,sentence-transformer,recommendation; assessments Recommendation Systems=84; GH 64; 6.9yrs total/6.8yrs ML India (OTW/≤30d notice)"
CAND_0046064,7,0.6534,"Senior NLP Engineer | JD=0.41 Career=0.67 Coh=0.83 Trust=0.75 | current role: LoRA,QLoRA,BentoML; no assessments; GH 67; 8.9yrs total/8.8yrs ML India (OTW/≤30d notice)"
CAND_0055905,8,0.6522,"Senior Machine Learning Engineer | JD=0.43 Career=0.75 Coh=0.78 Trust=0.64 | current role: semantic search,embedding,sentence-transformer; assessments Hugging Face Transformers=65; no GH; 8.1yrs total/8.0yrs ML (OTW/≤30d notice)"
CAND_0015578,9,0.6407,"AI Engineer | JD=0.64 Career=0.47 Coh=0.81 Trust=0.68 | current role: RAG,embedding,Pinecone; no assessments; GH 28; 5.4yrs total/5.3yrs ML Delhi (OTW/90d notice/reloc)"
CAND_0002025,10,0.6315,"Senior AI Engineer | JD=0.72 Career=0.45 Coh=0.76 Trust=0.61 | current role: LoRA,embedding,sentence-transformer; no assessments; GH 97; 5.9yrs total/5.8yrs ML India (OTW/≤30d notice)"
CAND_0008425,11,0.629,"Senior NLP Engineer | JD=0.34 Career=0.61 Coh=0.82 Trust=0.82 | current role: semantic search,embedding,sentence-transformer; no assessments; GH 53; 7.8yrs total/7.7yrs ML Kolkata (OTW/90d notice)"
CAND_0099581,12,0.6026,AI Specialist | JD=0.62 Career=0.50 Coh=0.62 Trust=0.67 | current role: PyTorch; assessments Pinecone=81; no GH; 6.4yrs total/6.2yrs ML Delhi (OTW/120d notice/reloc)
CAND_0094759,13,0.5999,"Lead AI Engineer | JD=0.75 Career=0.45 Coh=0.49 Trust=0.76 | current role: RAG,embedding,A/B testing; assessments Hugging Face Transformers=80; GH 76; 8.6yrs total/8.4yrs ML Mumbai (≤30d notice/reloc)"
CAND_0077337,14,0.5987,"Staff Machine Learning Engineer | JD=0.33 Career=0.50 Coh=0.81 Trust=0.78 | current role: LoRA,embedding,sentence-transformer; assessments Semantic Search=63; GH 68; 7.0yrs total/6.9yrs ML India (OTW/60d notice/reloc)"
CAND_0005260,15,0.5973,"Senior NLP Engineer | JD=0.34 Career=0.62 Coh=0.81 Trust=0.67 | current role: LoRA,QLoRA,BentoML; no assessments; no GH; 5.2yrs total/5.1yrs ML Chennai (60d notice/reloc)"
CAND_0044222,16,0.5959,"AI Engineer | JD=0.71 Career=0.30 Coh=0.75 Trust=0.72 | current role: semantic search,sentence-transformer,FAISS; assessments LlamaIndex=85, Vector Search=52; GH 29; 7.7yrs total/7.7yrs ML India (OTW/60d notice)"
CAND_0020350,17,0.5905,AI Engineer | JD=0.67 Career=0.35 Coh=0.75 Trust=0.65 | current role: MLflow; assessments LoRA=51; no GH; 5.8yrs total/5.8yrs ML India (OTW/≤30d notice)
CAND_0087630,18,0.5904,"AI Engineer | JD=0.69 Career=0.32 Coh=0.79 Trust=0.65 | current role: embedding,sentence-transformer,recommendation; no assessments; GH 23; 7.2yrs total/7.1yrs ML Gurgaon (≤30d notice/reloc)"
CAND_0091534,19,0.5904,"AI Engineer | JD=0.73 Career=0.38 Coh=0.52 Trust=0.83 | current role: ranking,learning-to-rank; assessments Hugging Face Transformers=76; GH 66; 16.6yrs total/7.1yrs ML Gurgaon (≤30d notice/reloc)"
CAND_0060054,20,0.5898,"AI Engineer | JD=0.67 Career=0.27 Coh=0.83 Trust=0.69 | current role: semantic search,sentence-transformer,FAISS; assessments TensorFlow=90; no GH; 6.4yrs total/6.3yrs ML India (≤30d notice/reloc)"
CAND_0058575,21,0.5881,"AI Engineer | JD=0.66 Career=0.39 Coh=0.80 Trust=0.43 | current role: semantic search,sentence-transformer,FAISS; no assessments; GH 35; 5.8yrs total/5.8yrs ML Chennai (OTW/90d notice/reloc)"
CAND_0050454,22,0.5874,"AI Engineer | JD=0.69 Career=0.30 Coh=0.78 Trust=0.55 | current role: semantic search,sentence-transformer,FAISS; assessments PyTorch=59; no GH; 6.8yrs total/6.8yrs ML Delhi (OTW/≤30d notice/reloc)"
CAND_0033861,23,0.5828,"Senior NLP Engineer | JD=0.45 Career=0.53 Coh=0.80 Trust=0.68 | current role: LoRA,QLoRA,BentoML; assessments Weaviate=80, LoRA=67; GH 33; 8.0yrs total/7.9yrs ML India (≤30d notice)"
CAND_0005191,24,0.5826,"AI Specialist | JD=0.70 Career=0.43 Coh=0.54 Trust=0.60 | current role: fine-tuning,PyTorch,Hugging Face; assessments Hugging Face Transformers=70; GH 35; 6.2yrs total/4.8yrs ML India (OTW/60d notice/reloc)"
CAND_0041611,25,0.5822,"Staff Machine Learning Engineer | JD=0.34 Career=0.61 Coh=0.77 Trust=0.65 | current role: RAG,embedding,FAISS; assessments LlamaIndex=94; no GH; 6.4yrs total/6.2yrs ML (≤30d notice/reloc)"
CAND_0058688,26,0.5804,AI Engineer | JD=0.64 Career=0.21 Coh=0.77 Trust=0.75 | current role: MLflow; no assessments; GH 39; 6.7yrs total/6.7yrs ML (OTW/≤30d notice/reloc)
CAND_0007411,27,0.5794,"Senior Machine Learning Engineer | JD=0.36 Career=0.51 Coh=0.75 Trust=0.79 | current role: embedding,Pinecone,recommendation; assessments Vector Search=91, Fine-tuning LLMs=76; GH 90; 8.0yrs total/7.9yrs ML India (≤30d notice/reloc)"
CAND_0044855,28,0.5753,"Senior Data Scientist | JD=0.39 Career=0.50 Coh=0.80 Trust=0.68 | current role: RAG,embedding,Pinecone; assessments BentoML=80, Hugging Face Transformers=67; GH 47; 6.6yrs total/6.5yrs ML India (60d notice/reloc)"
CAND_0069905,29,0.5753,"Applied ML Engineer | JD=0.36 Career=0.45 Coh=0.79 Trust=0.76 | current role: semantic search,sentence-transformer,FAISS; assessments LoRA=71; GH 45; 6.6yrs total/6.5yrs ML India (OTW/90d notice/reloc)"
CAND_0086022,30,0.573,"Senior Applied Scientist | JD=0.33 Career=0.38 Coh=0.77 Trust=0.85 | current role: RAG,embedding,FAISS; assessments Vector Search=93, Recommendation Systems=79; GH 75; 5.3yrs total/5.2yrs ML Kolkata (OTW/≤30d notice/reloc)"
CAND_0088025,31,0.573,"Staff Machine Learning Engineer | JD=0.41 Career=0.38 Coh=0.76 Trust=0.90 | current role: embedding,Pinecone,recommendation; assessments Pinecone=94, QLoRA=87; GH 75; 8.6yrs total/8.5yrs ML India (OTW/90d notice)"
CAND_0007412,32,0.5711,"Applied ML Engineer | JD=0.27 Career=0.55 Coh=0.81 Trust=0.69 | current role: RAG,embedding,Pinecone; no assessments; GH 36; 7.4yrs total/7.2yrs ML Noida (OTW/120d notice)"
CAND_0093547,33,0.5706,"Senior Machine Learning Engineer | JD=0.39 Career=0.66 Coh=0.76 Trust=0.84 | current role: embedding,Pinecone,recommendation; assessments RAG=97; GH 60; 2.9yrs total/6.2yrs ML India (60d notice); | experience gap (0.05)"
CAND_0062247,34,0.5705,"AI Engineer | JD=0.69 Career=0.32 Coh=0.75 Trust=0.42 | current role: semantic search,sentence-transformer,FAISS; no assessments; GH 53; 7.3yrs total/7.2yrs ML India (OTW/≤30d notice/reloc)"
CAND_0037566,35,0.5677,"Machine Learning Engineer | JD=0.33 Career=0.40 Coh=0.75 Trust=0.85 | current role: RAG,embedding,Pinecone; assessments Pinecone=82; GH 73; 6.9yrs total/6.8yrs ML Bangalore (OTW/≤30d notice/reloc)"
CAND_0011687,36,0.565,"Senior NLP Engineer | JD=0.35 Career=0.40 Coh=0.75 Trust=0.84 | current role: embedding,Pinecone,recommendation; assessments TensorFlow=78; GH 76; 7.8yrs total/7.7yrs ML India (OTW/≤30d notice)"
CAND_0030031,37,0.5642,"AI Engineer | JD=0.72 Career=0.28 Coh=0.75 Trust=0.66 | current role: embedding,sentence-transformer,recommendation; assessments PyTorch=91; GH 32; 5.7yrs total/5.6yrs ML India (≤30d notice)"
CAND_0064904,38,0.5626,"AI Engineer | JD=0.75 Career=0.31 Coh=0.77 Trust=0.72 | current role: MLflow; assessments Embeddings=62, Hugging Face Transformers=54; GH 59; 4.9yrs total/4.8yrs ML Hyderabad (OTW/90d notice); | experience gap (0.05)"
CAND_0074735,39,0.5597,"Applied ML Engineer | JD=0.31 Career=0.41 Coh=0.83 Trust=0.85 | current role: RAG,embedding,Pinecone; assessments RAG=68; GH 88; 5.5yrs total/5.4yrs ML India (OTW/90d notice)"
CAND_0094292,40,0.5582,"AI Specialist | JD=0.69 Career=0.40 Coh=0.54 Trust=0.56 | current role: fine-tuning,PyTorch,Hugging Face; assessments PyTorch=74; no GH; 6.5yrs total/5.2yrs ML Mumbai (OTW/60d notice)"
CAND_0054100,41,0.558,Junior ML Engineer | JD=0.27 Career=0.47 Coh=0.81 Trust=0.70 | current role: PyTorch; assessments Vector Search=82; GH 73; 6.0yrs total/5.9yrs ML Kolkata (OTW/60d notice)
CAND_0093331,42,0.5579,"NLP Engineer | JD=0.33 Career=0.47 Coh=0.75 Trust=0.79 | current role: MLflow; assessments PyTorch=73, QLoRA=60; GH 74; 16.1yrs total/7.2yrs ML India (≤30d notice/reloc)"
CAND_0070398,43,0.5568,"Machine Learning Engineer | JD=0.34 Career=0.42 Coh=0.79 Trust=0.73 | current role: semantic search,sentence-transformer,FAISS; assessments RAG=85; GH 63; 7.2yrs total/7.1yrs ML India (OTW/120d notice/reloc)"
CAND_0094728,44,0.547,"AI Specialist | JD=0.65 Career=0.43 Coh=0.46 Trust=0.64 | current role: fine-tuning,PyTorch,Hugging Face; assessments RAG=85, MLflow=80; GH 68; 6.5yrs total/6.4yrs ML Chennai (≤30d notice/reloc)"
CAND_0016163,45,0.5469,"Applied ML Engineer | JD=0.38 Career=0.36 Coh=0.75 Trust=0.84 | current role: MLflow; assessments Weaviate=88, Hugging Face Transformers=53; GH 95; 6.7yrs total/6.6yrs ML Gurgaon (OTW/120d notice)"
CAND_0098454,46,0.5451,AI Specialist | JD=0.70 Career=0.26 Coh=0.50 Trust=0.71 | current role: model deployment; no assessments; GH 29; 6.6yrs total/6.5yrs ML India (OTW/60d notice/reloc)
CAND_0077067,47,0.5442,AI Specialist | JD=0.66 Career=0.40 Coh=0.46 Trust=0.68 | current role: model deployment; no assessments; GH 25; 5.4yrs total/5.3yrs ML India (OTW/90d notice)
CAND_0053591,48,0.5428,"AI Engineer | JD=0.72 Career=0.23 Coh=0.52 Trust=0.86 | current role: ranking,XGBoost; no assessments; GH 76; 5.3yrs total/5.2yrs ML (OTW/60d notice)"
CAND_0092278,49,0.5416,"Senior NLP Engineer | JD=0.36 Career=0.56 Coh=0.75 Trust=0.59 | current role: LoRA,embedding,sentence-transformer; assessments TensorFlow=67; no GH; 6.8yrs total/6.7yrs ML Pune (90d notice)"
CAND_0092568,50,0.5409,AI Specialist | JD=0.65 Career=0.46 Coh=0.46 Trust=0.47 | current role: PyTorch; no assessments; GH 40; 5.7yrs total/5.7yrs ML Noida (OTW/60d notice/reloc)
CAND_0027801,51,0.5368,"NLP Engineer | JD=0.33 Career=0.38 Coh=0.77 Trust=0.78 | current role: MLflow; assessments FAISS=82, Milvus=53; GH 63; 7.4yrs total/7.2yrs ML Hyderabad (OTW/120d notice)"
CAND_0098846,52,0.5361,"AI Engineer | JD=0.67 Career=0.36 Coh=0.47 Trust=0.53 | current role: ranking,learning-to-rank; no assessments; GH 86; 7.6yrs total/7.5yrs ML India (OTW/45d notice/reloc)"
CAND_0027691,53,0.5292,"NLP Engineer | JD=0.39 Career=0.27 Coh=0.79 Trust=0.73 | current role: MLflow; assessments LoRA=87, Weaviate=79; GH 58; 6.5yrs total/6.3yrs ML Pune (OTW/≤30d notice)"
CAND_0020877,54,0.5282,"Applied ML Engineer | JD=0.39 Career=0.31 Coh=0.75 Trust=0.83 | current role: semantic search,sentence-transformer,FAISS; assessments QLoRA=63; GH 74; 5.1yrs total/5.0yrs ML Gurgaon (60d notice/reloc)"
CAND_0089552,55,0.528,"Machine Learning Engineer | JD=0.38 Career=0.41 Coh=0.75 Trust=0.72 | current role: RAG,embedding,Pinecone; assessments TensorFlow=89, Weaviate=78; GH 38; 6.0yrs total/5.9yrs ML Kolkata (120d notice/reloc)"
CAND_0000165,56,0.5279,"AI Specialist | JD=0.67 Career=0.22 Coh=0.46 Trust=0.85 | current role: PyTorch; assessments BentoML=80, Vector Search=74; GH 62; 6.8yrs total/6.7yrs ML (OTW/120d notice/reloc)"
CAND_0025335,57,0.5277,"Data Scientist | JD=0.25 Career=0.43 Coh=0.81 Trust=0.57 | current role: fine-tuning,PyTorch,Hugging Face; assessments TensorFlow=60; no GH; 6.6yrs total/6.5yrs ML Delhi (OTW/45d notice/reloc)"
CAND_0010257,58,0.5275,"Senior Data Scientist | JD=0.37 Career=0.29 Coh=0.81 Trust=0.73 | current role: MLflow; assessments Milvus=82, MLflow=63; GH 46; 6.5yrs total/6.4yrs ML Noida (OTW/120d notice/reloc)"
CAND_0003791,59,0.5258,ML Engineer | JD=0.26 Career=0.41 Coh=0.80 Trust=0.74 | current role: model deployment; no assessments; GH 58; 6.6yrs total/6.5yrs ML (OTW/45d notice)
CAND_0058517,60,0.525,"Computer Vision Engineer | JD=0.25 Career=0.43 Coh=0.79 Trust=0.71 | current role: fine-tuning,PyTorch,Hugging Face; assessments LlamaIndex=78, BentoML=56; GH 77; 5.1yrs total/5.0yrs ML India (OTW/45d notice)"
CAND_0044883,61,0.5249,"AI Engineer | JD=0.70 Career=0.44 Coh=0.78 Trust=0.54 | current role: RAG,embedding,Pinecone; no assessments; GH 70; 6.3yrs total/6.2yrs ML (90d notice/reloc); | expert zero-endorse (0.08)"
CAND_0028793,62,0.5244,"Search Engineer | JD=0.36 Career=0.42 Coh=0.48 Trust=0.90 | current role: semantic search,sentence-transformer,FAISS; assessments Embeddings=89; GH 83; 7.2yrs total/7.1yrs ML India (OTW/120d notice/reloc)"
CAND_0060072,63,0.523,"Staff Machine Learning Engineer | JD=0.35 Career=0.36 Coh=0.78 Trust=0.76 | current role: LoRA,embedding,sentence-transformer; no assessments; GH 82; 5.7yrs total/5.7yrs ML India (90d notice/reloc)"
CAND_0024620,64,0.5189,"AI Engineer | JD=0.65 Career=0.33 Coh=0.47 Trust=0.52 | current role: ranking,learning-to-rank; no assessments; GH 33; 5.9yrs total/5.8yrs ML (OTW/45d notice/reloc)"
CAND_0047721,65,0.5189,"Senior Data Scientist | JD=0.39 Career=0.27 Coh=0.75 Trust=0.87 | current role: embedding,sentence-transformer,recommendation; assessments Milvus=74, RAG=60; GH 90; 7.0yrs total/7.0yrs ML India (90d notice/reloc)"
CAND_0075249,66,0.5174,"Applied ML Engineer | JD=0.38 Career=0.31 Coh=0.78 Trust=0.61 | current role: embedding,sentence-transformer,recommendation; assessments Milvus=78, Fine-tuning LLMs=58; GH 37; 6.2yrs total/6.2yrs ML Ahmedabad (OTW/45d notice)"
CAND_0004972,67,0.5162,"ML Engineer | JD=0.28 Career=0.42 Coh=0.80 Trust=0.71 | current role: fine-tuning,PyTorch,Hugging Face; assessments Semantic Search=86, BentoML=83; GH 32; 6.0yrs total/5.9yrs ML Gurgaon (90d notice)"
CAND_0054703,68,0.5156,"Computer Vision Engineer | JD=0.31 Career=0.37 Coh=0.80 Trust=0.57 | current role: fine-tuning,PyTorch,Hugging Face; assessments BentoML=61; no GH; 6.8yrs total/5.3yrs ML India (OTW/60d notice/reloc)"
CAND_0068811,69,0.5154,"Applied ML Engineer | JD=0.30 Career=0.38 Coh=0.83 Trust=0.49 | current role: embedding,sentence-transformer,recommendation; assessments Vector Search=53; GH 23; 8.0yrs total/7.9yrs ML Pune (OTW/≤30d notice/reloc)"
CAND_0029135,70,0.5147,"AI Specialist | JD=0.66 Career=0.28 Coh=0.46 Trust=0.62 | current role: PyTorch; assessments Fine-tuning LLMs=83, BentoML=70; no GH; 5.8yrs total/5.7yrs ML Ahmedabad (OTW/60d notice/reloc)"
CAND_0077261,71,0.5145,"AI Specialist | JD=0.68 Career=0.32 Coh=0.46 Trust=0.59 | current role: model deployment; assessments Hugging Face Transformers=78, BentoML=58; GH 38; 5.7yrs total/5.6yrs ML India (OTW/60d notice)"
CAND_0098217,72,0.5134,"ML Engineer | JD=0.26 Career=0.34 Coh=0.75 Trust=0.75 | current role: fine-tuning,PyTorch,Hugging Face; assessments Weights & Biases=48; GH 81; 6.4yrs total/6.3yrs ML Noida (OTW/45d notice)"
CAND_0031703,73,0.5132,"ML Engineer | JD=0.27 Career=0.45 Coh=0.81 Trust=0.61 | current role: fine-tuning,PyTorch,Hugging Face; assessments BentoML=87; no GH; 6.8yrs total/5.1yrs ML India (OTW/120d notice)"
CAND_0062009,74,0.513,"Junior ML Engineer | JD=0.31 Career=0.32 Coh=0.83 Trust=0.70 | current role: fine-tuning,PyTorch,Hugging Face; assessments PyTorch=74; GH 65; 5.9yrs total/5.8yrs ML Bangalore (OTW/120d notice)"
CAND_0052328,75,0.5125,"Recommendation Systems Engineer | JD=0.38 Career=0.43 Coh=0.46 Trust=0.75 | current role: RAG,embedding,Pinecone; assessments LoRA=85; GH 78; 6.5yrs total/6.4yrs ML Pune (OTW/≤30d notice)"
CAND_0004131,76,0.5121,Junior ML Engineer | JD=0.26 Career=0.38 Coh=0.78 Trust=0.72 | current role: model deployment; assessments MLflow=58; GH 56; 6.8yrs total/6.7yrs ML India (OTW/120d notice/reloc)
CAND_0005649,77,0.5114,"Senior Data Scientist | JD=0.30 Career=0.43 Coh=0.77 Trust=0.50 | current role: semantic search,sentence-transformer,FAISS; no assessments; GH 81; 7.4yrs total/7.3yrs ML Delhi (OTW/90d notice/reloc)"
CAND_0046525,78,0.5111,"Senior Machine Learning Engineer | JD=0.45 Career=0.34 Coh=0.47 Trust=0.78 | current role: RAG,embedding,A/B testing; assessments LlamaIndex=96; GH 37; 6.1yrs total/6.1yrs ML Pune (OTW/60d notice/reloc)"
CAND_0007567,79,0.51,AI Specialist | JD=0.64 Career=0.14 Coh=0.53 Trust=0.80 | current role: PyTorch; assessments Fine-tuning LLMs=80; GH 52; 6.1yrs total/3.2yrs ML India (OTW/60d notice/reloc)
CAND_0065139,80,0.51,"AI Research Engineer | JD=0.53 Career=0.47 Coh=0.49 Trust=0.60 | current role: fine-tuning,PyTorch,Hugging Face; no assessments; no GH; 5.2yrs total/5.1yrs ML India (60d notice)"
CAND_0090584,81,0.5096,"ML Engineer | JD=0.35 Career=0.33 Coh=0.75 Trust=0.70 | current role: PyTorch; assessments RAG=67, MLflow=40; GH 83; 5.1yrs total/5.0yrs ML Pune (OTW/120d notice)"
CAND_0082973,82,0.5085,AI Specialist | JD=0.64 Career=0.31 Coh=0.54 Trust=0.57 | current role: PyTorch; no assessments; no GH; 6.4yrs total/6.3yrs ML India (60d notice/reloc)
CAND_0097079,83,0.5085,Computer Vision Engineer | JD=0.24 Career=0.33 Coh=0.83 Trust=0.69 | current role: PyTorch; no assessments; GH 63; 5.7yrs total/5.7yrs ML India (OTW/90d notice/reloc)
CAND_0074342,84,0.508,Data Scientist | JD=0.27 Career=0.38 Coh=0.75 Trust=0.59 | current role: model deployment; no assessments; GH 25; 5.7yrs total/5.7yrs ML (OTW/≤30d notice/reloc)
CAND_0032955,85,0.5079,Computer Vision Engineer | JD=0.31 Career=0.35 Coh=0.75 Trust=0.63 | current role: PyTorch; assessments Vector Search=47; GH 54; 5.2yrs total/5.0yrs ML India (OTW/60d notice/reloc)
CAND_0007631,86,0.5078,"AI Specialist | JD=0.64 Career=0.29 Coh=0.50 Trust=0.55 | current role: fine-tuning,PyTorch,Hugging Face; assessments PEFT=54; no GH; 5.2yrs total/5.2yrs ML Ahmedabad (OTW/45d notice/reloc)"
CAND_0000422,87,0.5076,"AI Research Engineer | JD=0.56 Career=0.33 Coh=0.46 Trust=0.70 | current role: fine-tuning,PyTorch,Hugging Face; no assessments; no GH; 6.3yrs total/4.2yrs ML Kolkata (OTW/90d notice)"
CAND_0089444,88,0.5075,"AI Specialist | JD=0.68 Career=0.44 Coh=0.46 Trust=0.64 | current role: fine-tuning,PyTorch,Hugging Face; no assessments; GH 23; 4.5yrs total/4.4yrs ML India (OTW/90d notice); | experience gap (0.05)"
CAND_0081053,89,0.5068,"NLP Engineer | JD=0.37 Career=0.20 Coh=0.75 Trust=0.82 | current role: MLflow; assessments QLoRA=89, LoRA=83; GH 78; 5.4yrs total/5.3yrs ML India (OTW/90d notice/reloc)"
CAND_0067201,90,0.5063,"ML Engineer | JD=0.32 Career=0.42 Coh=0.75 Trust=0.73 | current role: fine-tuning,PyTorch,Hugging Face; assessments FAISS=84; GH 24; 6.0yrs total/5.9yrs ML (90d notice)"
CAND_0001056,91,0.5062,Computer Vision Engineer | JD=0.31 Career=0.36 Coh=0.75 Trust=0.74 | current role: PyTorch; assessments Embeddings=84; GH 56; 5.1yrs total/5.0yrs ML India (90d notice/reloc)
CAND_0061819,92,0.5062,Junior ML Engineer | JD=0.32 Career=0.29 Coh=0.80 Trust=0.68 | current role: PyTorch; assessments Qdrant=77; GH 29; 5.0yrs total/4.9yrs ML India (OTW/120d notice/reloc)
CAND_0086154,93,0.5051,Data Scientist | JD=0.25 Career=0.26 Coh=0.79 Trust=0.80 | current role: model deployment; no assessments; GH 53; 6.8yrs total/5.6yrs ML Ahmedabad (OTW/90d notice/reloc)
CAND_0022614,94,0.5047,"Data Scientist | JD=0.29 Career=0.42 Coh=0.75 Trust=0.55 | current role: fine-tuning,PyTorch,Hugging Face; assessments PEFT=74; no GH; 6.0yrs total/5.9yrs ML Gurgaon (OTW/90d notice)"
CAND_0021973,95,0.5026,ML Engineer | JD=0.25 Career=0.42 Coh=0.75 Trust=0.71 | current role: PyTorch; no assessments; GH 83; 5.1yrs total/5.0yrs ML India (OTW/120d notice)
CAND_0031143,96,0.5022,ML Engineer | JD=0.23 Career=0.44 Coh=0.75 Trust=0.78 | current role: model deployment; assessments QLoRA=75; GH 76; 5.5yrs total/5.4yrs ML India (120d notice)
CAND_0033445,97,0.5021,ML Engineer | JD=0.24 Career=0.41 Coh=0.75 Trust=0.55 | current role: PyTorch; assessments Semantic Search=85; no GH; 6.8yrs total/6.7yrs ML Ahmedabad (OTW/≤30d notice)
CAND_0033352,98,0.5013,"Computer Vision Engineer | JD=0.27 Career=0.44 Coh=0.75 Trust=0.57 | current role: fine-tuning,PyTorch,Hugging Face; no assessments; no GH; 5.0yrs total/4.9yrs ML India (OTW/60d notice)"
CAND_0052682,99,0.5005,"NLP Engineer | JD=0.33 Career=0.22 Coh=0.79 Trust=0.79 | current role: embedding,sentence-transformer,recommendation; assessments QLoRA=66, Semantic Search=53; GH 72; 6.6yrs total/6.5yrs ML India (OTW/≤30d notice)"
CAND_0044135,100,0.5001,"Computer Vision Engineer | JD=0.30 Career=0.36 Coh=0.83 Trust=0.53 | current role: fine-tuning,PyTorch,Hugging Face; assessments FAISS=73; no GH; 6.7yrs total/3.7yrs ML Ahmedabad (OTW/90d notice)"
